{
  "T_gov_star": 6.713867897021944,
  "T_azure_star": 3.2725911839073327,
  "T_ds_star": 16.861923051265673,
  "eta": -0.6768530547673794,
  "use_entropy": true
}